CATEGORY 1,TAGS (QUALIFIERS),CATEGORY 2,TAGS (QUALIFIERS),CATEGORY 3,TAGS (QUALIFIERS),CATEGORY 4,TAGS (QUALIFIERS),CATEGORY 5,TAGS (QUALIFIERS),CATEGORY 6,TAGS (QUALIFIERS),CATEGORY 7,TAGS (QUALIFIERS)
SWEETENED BISCUITS,gluten free ,SODA CRACKERS,saltine ,UNSWEETENED BISCUITS,biscuits,PEPPER SAUCE,hot,SEASONING,poultry,JELLY,sweet,SYRUP,mauby
,vegan ,,oyster,,home made,,chipotle,,cajun,,fruit,,flavored
,best ,,water,,bakers chocolate,,tabasco,,vegetable,,preserves,,fruit
,dairy free ,,biscuits,,sugar free,,sriracha,,mixed,,,,
,simple ,,brittle ,,gluten free,,chili,,herbs and spices,,,,
,hard ,,gluten free,,low sugar,,hottest,,spice,,,,
,slim ,,organic,,no milk,,chicken,,rub,,,,
,flat,,club,,paleo,,fish,,culinary,,,,
,cookie,,best,,sugarless,,cholula,,grill,,,,
,shortcake,,salty,,no sugar,,habanero,,pork,,,,
,biscuits,,premium,,cookies,,best hot,,fish,,,,
,crumbs,,plain,,dairy free,,hapatio,,gourmet,,,,
,plain,,vegan,,vegan,,cajun,,maggi,,,,
,vegetarian,,for diabetics,,healthy,,red chili,,,,,,
,salty,,crackers,,no bake,,jalapeno,,,,,,
,,,,,low fat,,scotch bonnet,,,,,,
,,,,,fat free,,ghost pepper,,,,,,
,,,,,savoury,,spicy,,,,,,
,,,,,no diary,,spiciest,,,,,,
,,,,,low calorie,,,,,,,,
